mix_id,flow_id,size,slowdown,sim
87,0,472,1.0,Ns3
87,1,446,1.0,Ns3
87,2,652,1.0,Ns3
87,4,73,1.0,Ns3
87,5,511,1.0,Ns3
87,8,542,1.0,Ns3
87,9,73,1.0,Ns3
87,10,843,1.0,Ns3
87,6,44740,2.0045665212649943,Ns3
87,3,227141,1.1941008415539247,Ns3
87,16,3426,1.0169284467713786,Ns3
87,13,23038,1.3053201082055905,Ns3
87,20,459,1.0487544483985765,Ns3
87,21,299,1.5305403288958497,Ns3
87,12,118453,1.0018801041891072,Ns3
87,23,36490,1.9662339992822109,Ns3
87,17,84625,1.7472754506482102,Ns3
87,11,201656,1.0000058194345838,Ns3
87,14,145484,1.7459225954333069,Ns3
87,22,260756,1.2308637513552585,Ns3
87,18,565189,1.0,Ns3
87,26,453,1.2489285714285714,Ns3
87,27,4789,1.3061670797492346,Ns3
87,30,168,1.023037542662116,Ns3
87,29,325,1.300462249614792,Ns3
87,33,1256,1.0001316829075586,Ns3
87,38,76,1.0,Ns3
87,36,461,1.1802890310352996,Ns3
87,40,159,1.0,Ns3
87,39,17212,1.0444740038170146,Ns3
87,41,438,1.0,Ns3
87,43,1650,1.094079060935612,Ns3
87,47,3687,1.2564404781949823,Ns3
87,51,823,1.0,Ns3
87,28,143201,1.5145356881256613,Ns3
87,45,25942,1.0000406851377193,Ns3
87,53,764,1.0,Ns3
87,37,87289,1.76697407022483,Ns3
87,54,344,1.0,Ns3
87,46,109258,1.0193171227653985,Ns3
87,35,125270,1.8650621424344052,Ns3
87,55,475,1.482722143864598,Ns3
87,42,103591,2.570185746387119,Ns3
87,57,444,1.1048097631012204,Ns3
87,58,26307,1.1174274358665544,Ns3
87,65,495,1.0216178521617851,Ns3
87,63,471,1.0720848056537102,Ns3
87,67,685,1.1796973518284994,Ns3
87,68,230,1.2332242225859247,Ns3
87,48,279091,1.0517043294614572,Ns3
87,73,344,1.0,Ns3
87,25,312822,2.145847058604582,Ns3
87,70,454,1.922436354984535,Ns3
87,72,1585,1.6123634471995838,Ns3
87,76,715,1.0,Ns3
87,78,444,1.1861689399377842,Ns3
87,71,30955,2.4831132731063237,Ns3
87,79,149,1.5121002592912705,Ns3
87,64,47897,2.6975034319086064,Ns3
87,82,469,1.1538098608162302,Ns3
87,44,226280,1.9533859423747477,Ns3
87,81,3919,4.916734693877551,Ns3
87,77,17790,3.565442523699514,Ns3
87,74,110970,1.6726458802905084,Ns3
87,86,4695,1.0,Ns3
87,85,350,2.269347496206373,Ns3
87,52,112050,5.258105720102954,Ns3
87,90,1762,1.000231320842008,Ns3
87,88,1236,3.596873398257304,Ns3
87,89,12438,1.4873509741203839,Ns3
87,92,10459,2.456508646648886,Ns3
87,91,6394,3.2876839007986547,Ns3
87,34,314782,2.623461138383488,Ns3
87,87,64207,1.652797628500344,Ns3
87,62,252372,1.985570261582746,Ns3
87,15,1838075,1.3282896356873468,Ns3
87,96,327,1.1888461538461539,Ns3
87,94,29460,1.3798010600450157,Ns3
87,84,173555,1.9769309614684343,Ns3
87,83,233708,1.7320529854652333,Ns3
87,32,561983,1.9159105760530812,Ns3
87,97,328,1.2565384615384616,Ns3
87,60,725610,1.1156103805118234,Ns3
87,100,221162,1.0000053134115823,Ns3
87,101,236037,1.0000049832314262,Ns3
87,102,9370,1.0403210752286727,Ns3
87,106,71,1.0164383561643835,Ns3
87,109,325,1.097457627118644,Ns3
87,108,76,1.354564755838641,Ns3
87,110,336,1.106860494771742,Ns3
87,107,38472,1.0321099734351225,Ns3
87,112,335,1.408244002041858,Ns3
87,104,177877,1.914201826165382,Ns3
87,75,400619,3.5009322883994414,Ns3
87,50,1484143,1.1914274391897204,Ns3
87,114,778,1.0,Ns3
87,113,331,1.10066513174725,Ns3
87,116,75,1.0043260473588342,Ns3
87,122,713,1.1085199004975124,Ns3
87,120,479,1.0369458128078817,Ns3
87,129,322,1.285108024691358,Ns3
87,128,1210,2.288768675940237,Ns3
87,115,67336,2.3949909474954736,Ns3
87,130,2407,1.000205044084478,Ns3
87,127,478,3.2529342723004695,Ns3
87,132,457,1.0,Ns3
87,121,40204,2.9558424996014665,Ns3
87,140,586,1.020238885202389,Ns3
87,144,348,1.1126519756838906,Ns3
87,151,1425,1.4210656142081894,Ns3
87,153,179,1.8386960203217613,Ns3
87,134,148261,1.1077036850552286,Ns3
87,141,5545,5.902292721940816,Ns3
87,145,164,6.312874251497006,Ns3
87,142,714,4.138284648850218,Ns3
87,155,72,3.4216849148418493,Ns3
87,135,68057,3.3697330963652665,Ns3
87,99,232754,5.226580656477317,Ns3
87,136,133895,1.9786172487526728,Ns3
87,156,120,2.1984126984126986,Ns3
87,139,94218,2.557918408252059,Ns3
87,160,726,1.029339098208771,Ns3
87,170,18775,1.5433261571582346,Ns3
87,163,15658,2.0739581546904478,Ns3
87,174,342,1.1913109756097562,Ns3
87,164,66970,1.483819538670285,Ns3
87,176,18976,2.6189434364994666,Ns3
87,117,193183,4.04906042875525,Ns3
87,177,333,2.4282975460122698,Ns3
87,161,114327,1.8970497319320152,Ns3
87,133,180431,3.252856045399351,Ns3
87,175,107289,2.3392581893438824,Ns3
87,19,1756587,2.5050218421629644,Ns3
87,124,181375,4.951108786340682,Ns3
87,172,425390,1.0586856942488687,Ns3
87,157,95539,5.3316087171508855,Ns3
87,173,282770,1.5978657926341073,Ns3
87,159,224529,2.541104962541424,Ns3
87,69,2266614,1.2079814958405068,Ns3
87,137,249721,3.6666650951846647,Ns3
87,167,240584,2.5065904344551337,Ns3
87,171,166092,3.798510457070049,Ns3
87,93,1889743,1.3241636053281158,Ns3
87,169,147579,4.865101758545742,Ns3
87,178,439,1.0665946724262059,Ns3
87,180,339,1.19938884644767,Ns3
87,181,2758,3.917364727190401,Ns3
87,185,1306,1.0769230769230769,Ns3
87,187,72,1.5159671532846715,Ns3
87,182,473,5.253648775894539,Ns3
87,61,2556217,1.2179641087060606,Ns3
87,184,103175,1.7629911563864322,Ns3
87,165,177303,5.699998740522432,Ns3
87,183,225377,1.0000052157494772,Ns3
87,190,116,5.008104921898025,Ns3
87,95,631260,4.388969870960324,Ns3
87,195,438,1.318443804034582,Ns3
87,196,1440,1.0,Ns3
87,199,1781,1.3773628400184417,Ns3
87,200,5066,1.4438044394492835,Ns3
87,198,74,5.689608021877849,Ns3
87,103,1696470,1.431917163917164,Ns3
87,202,206,5.680382377389859,Ns3
87,59,1837487,1.933544482264851,Ns3
87,204,343,1.2942073170731707,Ns3
87,205,324,1.06437933693138,Ns3
87,208,441,1.0061107117181884,Ns3
87,209,476,1.0,Ns3
87,206,7798,3.4559589460784315,Ns3
87,210,10512,1.3906558079725675,Ns3
87,213,329,1.444273635664873,Ns3
87,150,567519,3.1956097429440815,Ns3
87,216,9468,1.577186805040771,Ns3
87,215,337,4.151885830784913,Ns3
87,218,7935,1.5445732349841939,Ns3
87,220,617,1.108355091383812,Ns3
87,211,44059,3.055182811911044,Ns3
87,149,617132,3.145390527799518,Ns3
87,224,1255,1.8582963620230701,Ns3
87,212,61662,3.0941620967298205,Ns3
87,226,709,6.179750778816199,Ns3
87,230,154,1.9862187769164514,Ns3
87,223,41427,3.0456716200819374,Ns3
87,217,31781,5.638867105025034,Ns3
87,231,2988,1.1985977627225461,Ns3
87,233,332,2.1629601226993866,Ns3
87,236,72,1.0565693430656935,Ns3
87,237,12961,2.039124087591241,Ns3
87,240,14514,2.690259005260004,Ns3
87,243,328,2.18525641025641,Ns3
87,245,402,1.045343137254902,Ns3
87,247,849,1.0406231799650554,Ns3
87,246,666,1.5337364735837047,Ns3
87,193,601221,1.450561487299927,Ns3
87,241,43932,2.672651620224436,Ns3
87,248,327,12.224230769230768,Ns3
87,242,38817,2.5367583382094794,Ns3
87,80,2123126,1.9875239190819562,Ns3
87,253,294,1.4685781618224667,Ns3
87,252,339,7.450343773873185,Ns3
87,214,70727,9.301270183685626,Ns3
87,249,32058,7.638711413006927,Ns3
87,56,2503257,1.815452191160404,Ns3
87,148,327205,7.536987813710806,Ns3
87,238,129498,3.260522913374515,Ns3
87,257,331,1.1684574059861856,Ns3
87,261,329,1.0,Ns3
87,263,179,1.0,Ns3
87,259,2051,5.829268292682927,Ns3
87,260,6003,4.611054895016443,Ns3
87,235,194567,2.9527850947251673,Ns3
87,265,1983,1.2075555555555555,Ns3
87,268,1045,1.0184,Ns3
87,266,440,10.17841726618705,Ns3
87,7,2925771,2.3004416027544035,Ns3
87,270,570,1.3460508701472558,Ns3
87,264,20820,4.536270451409423,Ns3
87,272,524,6.312971859986273,Ns3
87,269,119532,1.0000097065703775,Ns3
87,239,125533,5.633158109058601,Ns3
87,227,217419,3.94597880652988,Ns3
87,186,202768,8.674561612314529,Ns3
87,271,65542,2.58934907146195,Ns3
87,273,831,2.76952436876101,Ns3
87,254,187740,3.238746613058299,Ns3
87,281,484,1.0207017543859649,Ns3
87,229,391627,2.971235669944266,Ns3
87,284,9319,2.9334257975034674,Ns3
87,221,378942,3.594301373625516,Ns3
87,123,2586679,1.354959048361036,Ns3
87,162,1422433,2.13399834959468,Ns3
87,166,1280871,2.4078406484967645,Ns3
87,279,94822,3.084344815017314,Ns3
87,244,280896,4.209514255011921,Ns3
87,66,2730024,1.9683974094519643,Ns3
87,256,145339,6.852948490658367,Ns3
87,288,143,1.6610243055555556,Ns3
87,289,347,1.0148176291793314,Ns3
87,152,1747144,2.1698605993392053,Ns3
87,267,253644,4.553543325363849,Ns3
87,282,259605,2.8718523425377267,Ns3
87,295,148,1.106833910034602,Ns3
87,294,530,7.417578659370725,Ns3
87,219,901137,2.41585718243033,Ns3
87,298,479,2.7037297677691767,Ns3
87,146,1184752,3.418271968139131,Ns3
87,296,47450,1.8595091736661817,Ns3
87,292,220945,2.5298224012354695,Ns3
87,287,141615,4.659784737422444,Ns3
87,302,465,1.1095744680851063,Ns3
87,301,1460,1.235423811856933,Ns3
87,299,25629,1.4045377944017428,Ns3
87,277,272404,4.728037726869578,Ns3
87,98,2021218,2.7485707111905358,Ns3
87,105,2257237,2.319106898060684,Ns3
87,304,1149,1.2402817636316201,Ns3
87,290,97654,7.9502374045220945,Ns3
87,305,281,1.2677487463710742,Ns3
87,310,338,1.081039755351682,Ns3
87,307,455,2.420827389443652,Ns3
87,309,334,1.0947637292464878,Ns3
87,311,318,1.3041795665634675,Ns3
87,312,220,1.1898682042833608,Ns3
87,315,676,1.0,Ns3
87,316,482,1.3251404494382022,Ns3
87,317,468,1.0980878186968839,Ns3
87,323,321,1.0,Ns3
87,321,478,1.2929577464788733,Ns3
87,322,907,1.0,Ns3
87,314,6357,4.1603500418248505,Ns3
87,329,298,1.8871473354231976,Ns3
87,324,295,5.264717425431711,Ns3
87,300,34406,7.689709046204283,Ns3
87,320,536,4.754374005907748,Ns3
87,332,343,1.2191310975609757,Ns3
87,333,8321,2.0886619301361753,Ns3
87,336,4721,2.1840094062316284,Ns3
87,335,326,10.575827559661278,Ns3
87,306,86231,2.297878287722287,Ns3
87,328,10290,6.629670912951168,Ns3
87,225,502121,5.448414721655714,Ns3
87,228,828929,3.3009478367214684,Ns3
87,276,298729,6.154449548350403,Ns3
87,250,366285,6.542838882935458,Ns3
87,201,217441,14.711759325662852,Ns3
87,286,221753,6.5742118764442745,Ns3
87,342,341,1.0,Ns3
87,339,388,4.695289317507418,Ns3
87,340,1452,8.433128834355829,Ns3
87,119,2112563,2.5957527202509385,Ns3
87,168,2541430,1.9244388716379894,Ns3
87,338,75038,3.400267656183466,Ns3
87,192,2758265,1.4785467866630486,Ns3
87,179,2027485,2.181782469866308,Ns3
87,346,333,2.270705521472393,Ns3
87,345,10059,1.186499159515173,Ns3
87,349,76,10.491810737033667,Ns3
87,347,327,11.757692307692308,Ns3
87,355,335,1.9023736600306278,Ns3
87,344,25985,1.9605205530876557,Ns3
87,131,2711456,2.224139340623404,Ns3
87,357,338,1.8964067278287462,Ns3
87,359,449,1.1385110952040085,Ns3
87,360,322,1.1739969135802468,Ns3
87,330,335034,4.196257135100641,Ns3
87,24,3701542,2.651455980149107,Ns3
87,351,228535,1.8471404757984853,Ns3
87,337,124652,8.84503013230305,Ns3
87,362,566,4.788732394366197,Ns3
87,341,150125,7.74630855792844,Ns3
87,258,2419099,1.503258250795413,Ns3
87,308,385437,4.664853999478296,Ns3
87,207,2054052,2.21580541118649,Ns3
87,354,80398,8.524090896147165,Ns3
87,291,300462,8.996106825650676,Ns3
87,353,71186,9.475346687211093,Ns3
87,361,189515,1.2807930037618085,Ns3
87,343,85091,10.811333251563841,Ns3
87,234,2631929,1.6702603743801498,Ns3
87,297,275993,9.199767868256826,Ns3
87,143,2305257,2.9466012567511477,Ns3
87,232,2196430,2.1449263019482845,Ns3
87,326,1461052,1.6072789645015013,Ns3
87,368,1143,3.1886102403343783,Ns3
87,370,28,1.4188679245283018,Ns3
87,331,595672,3.874300579853911,Ns3
87,364,55607,1.0378758771308974,Ns3
87,365,18070,4.0792628774422734,Ns3
87,371,16430,4.008660091412076,Ns3
87,380,339,1.9350649350649352,Ns3
87,376,4958,2.4671146697169,Ns3
87,382,1198,1.1448863636363635,Ns3
87,381,46,2.331627906976744,Ns3
87,377,40245,1.0524704853519895,Ns3
87,383,443,11.050646551724139,Ns3
87,385,10743,1.4515611814345992,Ns3
87,369,120472,1.4160846907420073,Ns3
87,373,49980,1.9155896426814543,Ns3
87,384,67379,1.6647113358617784,Ns3
87,367,91952,3.068477376556731,Ns3
87,389,1129,1.0408697930311763,Ns3
87,374,192709,1.1667041907277031,Ns3
87,375,133002,1.820766021463995,Ns3
87,390,453,1.0,Ns3
87,391,453,1.1410714285714285,Ns3
87,392,360,1.0,Ns3
87,387,57340,1.2851082217071925,Ns3
87,396,342,4.605945121951219,Ns3
87,395,2346,1.5026272577996715,Ns3
87,386,56938,2.1242433833128933,Ns3
87,394,63461,1.0765016595881367,Ns3
87,393,22315,3.3202725134873425,Ns3
87,401,961,1.2367644346061613,Ns3
87,400,35004,2.774007265050141,Ns3
87,402,481,1.2283907238229093,Ns3
87,403,329,3.8494747630028185,Ns3
87,325,1648730,1.8923418399923726,Ns3
87,404,149191,1.7484557041207287,Ns3
87,397,77084,5.5948134092346615,Ns3
87,408,1135,1.270538984824699,Ns3
87,411,493,1.0,Ns3
87,410,14687,1.4029161443557432,Ns3
87,409,488,9.764005602240896,Ns3
87,222,2716609,2.3119228945178296,Ns3
87,416,439,1.2807775377969763,Ns3
87,415,330,1.1957245263696876,Ns3
87,417,506,1.1975051975051976,Ns3
87,419,479,1.0,Ns3
87,418,75,1.4433819064966606,Ns3
87,420,8709,1.4974869419532866,Ns3
87,422,519,1.236751548520303,Ns3
87,423,4759,2.072128749085589,Ns3
87,197,2517626,2.6817140027889512,Ns3
87,188,2877473,2.4764226362574457,Ns3
87,399,234952,4.173104556674294,Ns3
87,421,130219,1.1925422578600067,Ns3
87,388,201342,5.739894600953398,Ns3
87,262,2213823,2.616718309406126,Ns3
87,125,2854853,3.053329353167363,Ns3
87,147,3552795,2.434400259321201,Ns3
87,348,2271866,1.37878107649688,Ns3
87,363,193290,9.720825075066164,Ns3
87,327,295729,14.330465349719596,Ns3
87,154,2449730,3.6514589394272816,Ns3
87,191,2947166,2.596524540624138,Ns3
87,275,2177858,2.8155680216731005,Ns3
87,194,2330774,3.3356404010009233,Ns3
87,358,2166164,1.6073691708170275,Ns3
87,293,2142214,2.63697864845279,Ns3
87,427,340,1.0,Ns3
87,429,26848,1.6669653318629816,Ns3
87,430,74,1.2997569127924642,Ns3
87,431,1831,3.324577432617634,Ns3
87,437,2252,3.381232905533347,Ns3
87,440,450,4.370171673819742,Ns3
87,352,2545285,1.6793335000145144,Ns3
87,441,1347,1.3006765221748935,Ns3
87,442,4470,1.0,Ns3
87,436,120354,1.8318822973611393,Ns3
87,443,76,4.451167728237792,Ns3
87,445,438,4.16606628242075,Ns3
87,447,1971,4.739420935412027,Ns3
87,446,399,10.330140014738394,Ns3
87,434,219492,1.4895150194602524,Ns3
87,448,468,4.118153918791313,Ns3
87,428,181556,2.341926992606356,Ns3
87,283,2200851,3.202346742776463,Ns3
87,439,102640,3.001958048253511,Ns3
87,449,27063,2.9465012523481526,Ns3
87,432,302790,1.5095952982259222,Ns3
87,454,204,1.5865945045795171,Ns3
87,406,1967076,1.2152370097899692,Ns3
87,49,2363240,5.269028048632231,Ns3
87,457,233,1.440359477124183,Ns3
87,460,348,3.8810790273556233,Ns3
87,461,1112,2.6897186431764397,Ns3
87,467,224,1.0,Ns3
87,466,1092,1.5143913387905994,Ns3
87,462,415,2.0755474452554745,Ns3
87,444,153801,2.012518029302361,Ns3
87,251,2119348,3.740869270573874,Ns3
87,471,587,1.8841180371352786,Ns3
87,474,345,2.7389649923896497,Ns3
87,470,34757,1.0375629437337754,Ns3
87,479,681,1.5571699305116866,Ns3
87,475,682,5.952020202020202,Ns3
87,472,6531,3.398117294235255,Ns3
87,480,901,1.409749857873792,Ns3
87,438,367329,1.6285691295041602,Ns3
87,451,90061,4.193199223935464,Ns3
87,485,2143,1.1206600942991856,Ns3
87,468,137224,2.109459447993823,Ns3
87,463,255267,1.3037148432274344,Ns3
87,450,162678,3.2909307773003578,Ns3
87,473,90146,3.152565933785645,Ns3
87,465,288256,1.4080082152325468,Ns3
87,491,330,1.0,Ns3
87,488,448,3.825573065902579,Ns3
87,433,359869,3.087476553235243,Ns3
87,494,3459,1.233656266687009,Ns3
87,503,73,1.14507299270073,Ns3
87,487,6474,5.233966050673133,Ns3
87,504,558,1.0158355795148248,Ns3
87,502,141,4.192875760208515,Ns3
87,499,558,3.650381850853549,Ns3
87,501,462,6.047348484848484,Ns3
87,458,340961,2.2639622406121345,Ns3
87,481,248923,2.2787247325457107,Ns3
87,464,329584,2.6787399881739504,Ns3
87,356,2079561,2.6779462118869652,Ns3
87,319,1853482,3.6615863631251706,Ns3
87,505,178217,1.8364003074638828,Ns3
87,313,2242698,3.0543892431542186,Ns3
87,490,280915,1.4999580269299218,Ns3
87,493,102185,5.303728813559322,Ns3
87,510,69280,3.0780834509700927,Ns3
87,514,830,1.2323736780258518,Ns3
87,516,4555,1.7603417266187051,Ns3
87,515,553,6.966554054054054,Ns3
87,476,253362,4.543817008165295,Ns3
87,521,469,1.2016985138004246,Ns3
87,372,2001561,2.329705706949687,Ns3
87,522,1242,4.811620168927566,Ns3
87,511,112094,3.0162251941742912,Ns3
87,138,2319898,5.074345634556074,Ns3
87,398,2681319,1.6669499499735312,Ns3
87,526,4831,2.922142656557147,Ns3
87,478,385775,3.396319997121249,Ns3
87,507,99107,5.0645877744171255,Ns3
87,534,389,6.007598220904374,Ns3
87,533,2202,8.138128580521961,Ns3
87,542,134,1.3436681222707423,Ns3
87,538,2347,7.990681300476289,Ns3
87,541,8778,1.2207410311703588,Ns3
87,350,1893003,3.296515505797842,Ns3
87,540,483,10.760533707865168,Ns3
87,545,741,3.839362354383814,Ns3
87,524,26918,7.818045801526718,Ns3
87,549,443,1.2201867816091954,Ns3
87,547,2273,8.00083857442348,Ns3
87,495,61711,15.825031495299932,Ns3
87,486,395440,2.996779765215609,Ns3
87,303,2705948,2.864628368974253,Ns3
87,520,133809,4.150682310375118,Ns3
87,413,2241449,1.839079775440372,Ns3
87,550,172225,1.5937550953856188,Ns3
87,405,2030781,2.3636222310869157,Ns3
87,513,368955,2.590688536779222,Ns3
87,553,16159,2.1306440801901165,Ns3
87,414,2364941,1.795517620146524,Ns3
87,552,28119,3.83495365992056,Ns3
87,497,97712,13.326976749237101,Ns3
87,426,1630989,1.6799258365717498,Ns3
87,527,59081,11.234673720159373,Ns3
87,496,433409,3.5527394092493774,Ns3
87,546,64799,7.66481429722309,Ns3
87,544,722381,1.0006461520249386,Ns3
87,555,9573,1.17616770871644,Ns3
87,561,456,1.2840342124019957,Ns3
87,558,41963,1.9183243869066413,Ns3
87,500,143982,12.443780421637008,Ns3
87,118,2011124,6.619614581982036,Ns3
87,453,246156,10.947673417866774,Ns3
87,566,458,9.157051282051283,Ns3
87,565,29443,2.1387476391108526,Ns3
87,536,184249,6.660761634672245,Ns3
87,568,339,1.070664629488159,Ns3
87,563,41245,5.786748597381779,Ns3
87,571,684,2.427287066246057,Ns3
87,570,465,8.87340425531915,Ns3
87,554,200122,2.181546903671742,Ns3
87,560,30545,12.508048643329115,Ns3
87,580,71,18.294520547945204,Ns3
87,582,2324,1.3913947204323425,Ns3
87,562,86979,4.5621450071156,Ns3
87,564,230858,1.4038776986480015,Ns3
87,583,188,1.3396464646464648,Ns3
87,551,194239,6.503221805510439,Ns3
87,573,120764,2.2316496941228894,Ns3
87,483,163878,15.566192619505978,Ns3
87,556,163458,3.8083335598010706,Ns3
87,574,38170,8.05729286206105,Ns3
87,378,1702920,3.790048591218333,Ns3
87,588,325,1.1147919876733436,Ns3
87,589,1392,1.466103799354358,Ns3
87,587,428,5.055072463768116,Ns3
87,586,21166,1.5471707269727264,Ns3
87,591,1076,2.42496644295302,Ns3
87,594,345,1.3535007610350076,Ns3
87,424,2535769,1.5500946743170596,Ns3
87,559,66750,10.585702189427845,Ns3
87,597,1192,1.2293767778639773,Ns3
87,535,441403,4.292888645655603,Ns3
87,598,466,3.597094259390503,Ns3
87,578,92826,5.93885802162913,Ns3
87,576,226962,2.624457994228966,Ns3
87,111,2237717,6.467669314901239,Ns3
87,599,159,2.809298998569385,Ns3
87,600,60,1.1652854511970534,Ns3
87,531,1654743,1.2228176308111711,Ns3
87,605,334,1.1007662835249041,Ns3
87,606,536,1.1141785957736878,Ns3
87,609,1282,1.0002538715410003,Ns3
87,604,2633,4.224979854955681,Ns3
87,612,341,7.176964149504196,Ns3
87,611,162,10.15625,Ns3
87,619,334,3.642528735632184,Ns3
87,579,292094,2.623968794291875,Ns3
87,593,155607,2.4725968285416244,Ns3
87,285,1281593,8.401181061413707,Ns3
87,620,8935,2.458171959721146,Ns3
87,614,24449,4.014348738595965,Ns3
87,602,26229,6.114701976093693,Ns3
87,581,268255,2.9266155386885937,Ns3
87,601,45052,5.907524552637408,Ns3
87,537,207982,10.360745667528553,Ns3
87,616,87757,2.2610818980053207,Ns3
87,596,141526,3.313633145059035,Ns3
87,530,194669,12.063175144442503,Ns3
87,617,92963,2.7000569715885163,Ns3
87,621,56134,4.854521047464487,Ns3
87,456,1885893,2.066029989515039,Ns3
87,512,1597820,1.9100489038006645,Ns3
87,379,2564306,2.888160031325565,Ns3
87,203,2246162,5.673340995929224,Ns3
87,623,454,1.0,Ns3
87,489,1659735,2.144937311025424,Ns3
87,557,1771732,1.040660572118484,Ns3
87,618,261976,3.034406000701521,Ns3
87,624,544,3.636795655125594,Ns3
87,626,144,9.00477016478751,Ns3
87,548,1781093,1.5736672043053894,Ns3
87,628,74,1.0,Ns3
87,629,4742,1.5503477183957322,Ns3
87,634,137,1.4568815331010454,Ns3
87,525,2330238,1.4813479811373047,Ns3
87,407,2085333,3.405202708249717,Ns3
87,189,1793847,7.812804970761981,Ns3
87,639,330,1.0,Ns3
87,636,5114,1.22385304163205,Ns3
87,637,1062,1.0667020993887855,Ns3
87,638,463,1.2911931818181819,Ns3
87,640,73,1.8211678832116789,Ns3
87,425,1772610,3.223183497950682,Ns3
87,644,3371,1.3984506826200338,Ns3
87,642,71,11.545205479452054,Ns3
87,633,129193,2.4224705755318,Ns3
87,645,15679,2.848678291418534,Ns3
87,647,1274,1.023391812865497,Ns3
87,650,161,2.0355612682090833,Ns3
87,506,2525333,1.8029844858080726,Ns3
87,648,55276,1.3661407717643232,Ns3
87,653,327,1.169871794871795,Ns3
87,652,324,1.9942174248265228,Ns3
87,656,294,1.0,Ns3
87,641,121708,2.4293304082411296,Ns3
87,622,193860,6.844982068247186,Ns3
87,659,1286,2.3645357686453576,Ns3
87,657,28534,1.0932865095079762,Ns3
87,572,991972,2.7095746249599872,Ns3
87,661,343,1.4866615853658536,Ns3
87,662,652,1.505128205128205,Ns3
87,482,1692532,3.0897482896459816,Ns3
87,607,168293,11.112287267101278,Ns3
87,663,43971,1.3987300307413193,Ns3
87,651,96292,2.9153187440532826,Ns3
87,655,249383,1.9072808292894772,Ns3
87,452,2798324,2.098224382298937,Ns3
87,632,199402,5.284192069852141,Ns3
87,459,2567647,2.3721696381453294,Ns3
87,455,2460290,2.501527665568142,Ns3
87,654,294109,3.4080692143819835,Ns3
87,590,2055792,1.5401677910105418,Ns3
87,126,2858968,5.911524228561438,Ns3
87,646,222049,5.741049266741113,Ns3
87,658,193405,5.8307158531522445,Ns3
87,666,2855,1.0091673032849504,Ns3
87,532,2798704,1.8581972375852953,Ns3
87,667,675,1.246831432192649,Ns3
87,669,74,1.002430872075357,Ns3
87,671,479,1.324771287825475,Ns3
87,672,768,3.518664245359161,Ns3
87,673,5640,5.077856954341515,Ns3
87,575,1820555,2.2457408667434313,Ns3
87,528,2219324,2.4593373873987536,Ns3
87,280,1656840,8.480054999870623,Ns3
87,674,15941,1.435671070502531,Ns3
87,677,393,1.2880917159763314,Ns3
87,679,523,1.0,Ns3
87,676,320,5.040571870170015,Ns3
87,681,466,10.26541459957477,Ns3
87,687,74,1.854147675478578,Ns3
87,683,3453,5.255737134909596,Ns3
87,477,2469700,2.8237493835822005,Ns3
87,688,60031,1.638567130500188,Ns3
87,518,2580547,2.287101456436895,Ns3
87,690,345,6.030060882800609,Ns3
87,569,2213538,2.0212450209925716,Ns3
87,686,85594,3.327026990788539,Ns3
87,680,252166,1.5186195047249094,Ns3
87,334,1527570,8.585090404631446,Ns3
87,692,476,1.171599718111346,Ns3
87,684,418421,1.317814062959694,Ns3
87,318,2470510,5.430951080896094,Ns3
87,693,336,1.0,Ns3
87,694,654,8.746957078795644,Ns3
87,695,3222,1.5502542464567781,Ns3
87,689,101600,7.52984294383708,Ns3
87,696,936,1.1099608282036932,Ns3
87,698,332,1.0,Ns3
87,702,340,1.2782442748091603,Ns3
87,697,4560,1.3410322212717423,Ns3
87,699,702,4.66703125,Ns3
87,592,2572681,1.8219011319482146,Ns3
87,701,6096,2.877837203235064,Ns3
87,706,474,1.0,Ns3
87,366,1260717,9.080644964040621,Ns3
87,707,545,1.1865671641791045,Ns3
87,700,127295,1.569939199182019,Ns3
87,608,1543104,2.96453144422848,Ns3
87,713,1094,1.4850884138295064,Ns3
87,710,341,9.29862700228833,Ns3
87,712,439,5.400887928965683,Ns3
87,704,174533,1.1124240513969177,Ns3
87,715,326,7.218437259430331,Ns3
87,603,1303318,3.613477631949036,Ns3
87,714,141549,1.1543635211116874,Ns3
87,675,195073,7.079008351958593,Ns3
87,278,3431444,4.541343159552893,Ns3
87,722,73,1.4872262773722629,Ns3
87,685,189933,7.067715345190014,Ns3
87,723,342,1.0,Ns3
87,716,160324,1.9513755784717415,Ns3
87,724,4153,2.7525984251968505,Ns3
87,509,2644731,2.9305719533583403,Ns3
87,711,73305,8.246290478116155,Ns3
87,725,52860,1.8984938481120068,Ns3
87,730,872,1.3283410138248848,Ns3
87,733,205,1.0,Ns3
87,732,1182,3.7996018579960187,Ns3
87,735,16,1.1669838249286395,Ns3
87,678,1698113,1.1413671461332922,Ns3
87,736,1093,1.0126715945089757,Ns3
87,731,96166,1.331396184815951,Ns3
87,719,266937,2.453655758763624,Ns3
87,734,83588,1.461802653572921,Ns3
87,567,1836900,3.4181403534254464,Ns3
87,738,10146,5.623724938445304,Ns3
87,728,270525,1.1281604488665076,Ns3
87,668,1758922,1.3581527027383893,Ns3
87,523,2427882,3.1841929472118236,Ns3
87,742,69,1.1802378774016469,Ns3
87,744,395,1.0,Ns3
87,741,897,6.1082004555808656,Ns3
87,740,664,5.8891013384321225,Ns3
87,745,369,11.44411102775694,Ns3
87,747,75,1.0,Ns3
87,484,2331161,3.8479136841868966,Ns3
87,749,324,1.0,Ns3
87,255,2254314,7.703979363333518,Ns3
87,754,855,1.159698025551684,Ns3
87,755,1013,1.3053168635875403,Ns3
87,758,1035,7.491181186531267,Ns3
87,682,403426,6.246564565495777,Ns3
87,761,521,2.7305841924398626,Ns3
87,585,2748234,2.3477572838564944,Ns3
87,760,2264,5.118412765064035,Ns3
87,765,344,1.07006854531607,Ns3
87,763,9063,1.0412686282002293,Ns3
87,517,2526808,3.34468308879362,Ns3
87,759,19430,2.0923227900656753,Ns3
87,764,299,6.249412685982772,Ns3
87,767,27060,1.058238747553816,Ns3
87,274,3021167,5.652297696382987,Ns3
87,720,215631,6.671179515118497,Ns3
87,750,41731,4.092450741642684,Ns3
87,756,52658,3.8240240112393034,Ns3
87,768,545,1.086612392582542,Ns3
87,771,337,1.0,Ns3
87,577,2340578,3.0274632965730572,Ns3
87,584,1393125,4.933494500119728,Ns3
87,773,62,1.6024816176470589,Ns3
87,776,447,1.3699856733524356,Ns3
87,777,340,1.2393129770992366,Ns3
87,775,16259,3.3731126068764783,Ns3
87,782,467,1.2213172804532577,Ns3
87,779,456,2.4530767403183655,Ns3
87,781,180,7.092216582064298,Ns3
87,786,335,1.4414241960183767,Ns3
87,787,74,1.1052871467639016,Ns3
87,708,204827,9.608462424565445,Ns3
87,412,11139945,1.1049683051631196,Ns3
87,788,748,4.531479217603912,Ns3
87,792,725,1.3870519159456118,Ns3
87,791,2293,4.291893021312161,Ns3
87,790,662,8.295280612244898,Ns3
87,795,719,8.322690638561687,Ns3
87,797,4365,2.3725460122699387,Ns3
87,800,3251,3.0536672629695887,Ns3
87,595,2115330,3.2876581939837006,Ns3
87,796,21157,1.8255255109471333,Ns3
87,802,341,1.9176201372997712,Ns3
87,804,387,1.0,Ns3
87,803,9808,2.6625090383224874,Ns3
87,809,482,1.2875702247191012,Ns3
87,769,124475,4.533073508714951,Ns3
87,811,349,1.6356618577575297,Ns3
87,766,376745,2.2208563535911603,Ns3
87,815,75,6.665755919854281,Ns3
87,814,2534,5.866639887527616,Ns3
87,703,1647574,1.6008459575243166,Ns3
87,649,2360750,2.2874847846064554,Ns3
87,818,550,1.201962110960758,Ns3
87,820,698,1.0219298245614035,Ns3
87,821,559,1.0,Ns3
87,819,460,2.562411095305832,Ns3
87,778,190101,3.952644041041831,Ns3
87,823,466,2.7983699503897945,Ns3
87,826,1117,1.6606251641712635,Ns3
87,816,38582,7.1769219837999145,Ns3
87,828,1703,4.095182413470533,Ns3
87,829,466,1.0,Ns3
87,31,3405968,6.932769327661856,Ns3
87,752,220802,6.468021905164628,Ns3
87,793,265530,3.5370102498114213,Ns3
87,630,1772864,3.6196870278393796,Ns3
87,836,503,8.404861111111112,Ns3
87,831,4632,4.118139865104721,Ns3
87,843,447,12.382163323782235,Ns3
87,845,62059,2.071138322491299,Ns3
87,721,2022164,1.49843264250994,Ns3
87,844,30752,5.13330923851094,Ns3
87,158,2806844,7.69537265512771,Ns3
87,492,2134597,5.087928565420891,Ns3
87,794,409764,3.4598112809729975,Ns3
87,832,107269,4.508586953006242,Ns3
87,848,311,3.017871017871018,Ns3
87,709,2658959,1.3743076681038096,Ns3
87,853,533,1.9009562841530054,Ns3
87,837,371612,1.9977025612305617,Ns3
87,840,107284,6.366372387327663,Ns3
87,854,27999,2.470400365005133,Ns3
87,855,861,1.082513028372901,Ns3
87,847,43490,6.113923779311527,Ns3
87,857,10966,1.7344529431326905,Ns3
87,861,801,1.1764939448084177,Ns3
87,858,739,3.7863720073664826,Ns3
87,863,476,1.5299506694855531,Ns3
87,864,453,1.7042857142857142,Ns3
87,799,1318008,1.5190749941753674,Ns3
87,866,306,1.063912704598597,Ns3
87,862,458,7.756410256410256,Ns3
87,610,2712606,3.2013496390183547,Ns3
87,849,289969,1.9994671179215158,Ns3
87,865,11198,5.0948643897538926,Ns3
87,870,3130,1.638253152732368,Ns3
87,871,333,7.352377300613497,Ns3
87,660,2086769,3.282628218632658,Ns3
87,873,1148,7.919624217118998,Ns3
87,869,39894,1.4117750131417557,Ns3
87,878,72,6.918567518248175,Ns3
87,615,2801795,3.1622224144672284,Ns3
87,543,2312586,4.7173095323157535,Ns3
87,746,2163727,1.5730560430296285,Ns3
87,884,443,1.367816091954023,Ns3
87,834,343432,4.445390583337634,Ns3
87,886,437,1.4945965417867435,Ns3
87,887,332,2.145705521472393,Ns3
87,889,445,1.1076040172166428,Ns3
87,812,657058,3.4731231752088574,Ns3
87,892,328,2.8192307692307694,Ns3
87,893,3821,2.9379755210056238,Ns3
87,890,27291,1.2624154814642108,Ns3
87,895,4827,4.1127885034112355,Ns3
87,897,243,11.075081168831169,Ns3
87,899,325,2.211864406779661,Ns3
87,882,43325,2.912126627521062,Ns3
87,867,316260,2.002000806295074,Ns3
87,729,1655529,2.475305875675897,Ns3
87,635,1724118,4.542471172494938,Ns3
87,901,341,5.842486651411137,Ns3
87,900,803,10.966666666666667,Ns3
87,902,330,10.405145929339477,Ns3
87,705,2477934,1.986266855636067,Ns3
87,875,80702,7.823091221249486,Ns3
87,780,1253420,2.3971920556461765,Ns3
87,877,227659,3.0420985068240283,Ns3
87,872,173778,4.273358834818729,Ns3
87,907,347,1.063259878419453,Ns3
87,885,204716,2.0939392201834863,Ns3
87,908,250,10.373990306946688,Ns3
87,911,27350,2.178419052051819,Ns3
87,914,2072,1.6567585159470601,Ns3
87,913,1370,3.486093997535645,Ns3
87,920,4334,1.442186297151655,Ns3
87,918,8883,1.8786700369434182,Ns3
87,888,429848,1.372551341941739,Ns3
87,748,1708785,2.2203005558931928,Ns3
87,922,734,1.0,Ns3
87,921,482,9.730337078651685,Ns3
87,919,17457,3.8211973727732365,Ns3
87,923,30867,1.5254449824096974,Ns3
87,912,183654,1.623204655555894,Ns3
87,770,2215776,1.6431870023972046,Ns3
87,841,1354613,1.687623570101703,Ns3
87,810,416933,7.472711895837665,Ns3
87,850,419808,4.514665410947316,Ns3
87,924,331,4.511895625479663,Ns3
87,925,17043,2.974935882490091,Ns3
87,929,335,10.918070444104135,Ns3
87,928,29968,1.976781625643961,Ns3
87,627,2581853,3.6537137016121166,Ns3
87,932,479,7.536242083040112,Ns3
87,934,684,2.3561514195583597,Ns3
87,785,2515374,1.610616630620942,Ns3
87,933,556,3.7333108563722184,Ns3
87,938,337,5.128440366972477,Ns3
87,939,17,11.089828897338403,Ns3
87,941,291,1.4988198269079465,Ns3
87,944,76,1.246132848043676,Ns3
87,943,327,1.9611538461538462,Ns3
87,852,269544,8.745983308049123,Ns3
87,949,407,1.0,Ns3
87,940,469,5.370960132106629,Ns3
87,950,443,1.0,Ns3
87,942,8559,3.8239071736116177,Ns3
87,951,330,1.0153609831029187,Ns3
87,954,343,4.462271341463414,Ns3
87,955,1357,4.156726279622941,Ns3
87,953,42279,2.953597075336206,Ns3
87,670,3264830,2.3941332100664092,Ns3
87,856,334519,7.492391732523644,Ns3
87,774,2768310,1.6957968888039305,Ns3
87,961,208,1.1258305647840532,Ns3
87,960,74,2.0214220601640838,Ns3
87,959,476,6.337209302325581,Ns3
87,965,724,1.2006802721088434,Ns3
87,968,73,9.445255474452555,Ns3
87,964,471,5.894935217903416,Ns3
87,762,1889514,2.6823111338619112,Ns3
87,958,67255,3.3722351669874717,Ns3
87,830,2652156,1.371087852120271,Ns3
87,896,77634,22.455853629369795,Ns3
87,969,1213,5.988414006179196,Ns3
87,972,2101,1.6842802118440057,Ns3
87,971,682,4.244633838383838,Ns3
87,976,29620,2.061321095613211,Ns3
87,980,824,1.2754861520329994,Ns3
87,498,1747567,8.185993464252734,Ns3
87,993,2367,1.095562435500516,Ns3
87,990,3582,1.9506322404785341,Ns3
87,991,1849,1.8372924648786717,Ns3
87,994,1728,1.3901303538175047,Ns3
87,982,25030,4.678071278825996,Ns3
87,988,7590,9.57054482309529,Ns3
87,992,23981,4.1169006714921075,Ns3
87,985,29960,5.163601230945394,Ns3
87,970,27509,12.883746960515651,Ns3
87,995,2701,1.5533682294037323,Ns3
87,977,301093,1.5350094832045393,Ns3
87,973,66544,7.3884585651271015,Ns3
87,978,215692,2.462589665521054,Ns3
87,937,330875,4.296694940667438,Ns3
87,833,698190,6.242189838626283,Ns3
87,926,228657,7.948921399737742,Ns3
87,726,2543042,2.7725857601377983,Ns3
87,1009,334,1.1911877394636015,Ns3
87,1010,272,1.3777866242038217,Ns3
87,1005,703,8.624375,Ns3
87,1004,737,9.466216216216216,Ns3
87,1013,500,2.170375521557719,Ns3
87,822,242702,20.25969520331484,Ns3
87,1012,1640,7.660086054163503,Ns3
87,519,1842368,7.888772924578443,Ns3
87,1001,17198,9.214878793662912,Ns3
87,806,3219121,1.7292225052157124,Ns3
87,717,2463582,3.1234473367886677,Ns3
87,989,194018,4.979421256844472,Ns3
87,1006,62474,4.204415786709171,Ns3
87,1014,1622,1.7254808834006174,Ns3
87,783,2835236,2.1462337638315887,Ns3
87,1015,480,6.19971870604782,Ns3
87,1016,2167,1.5263607257203842,Ns3
87,1019,89,1.1442741208295761,Ns3
87,1023,160,1.0,Ns3
87,1022,747,7.209046454767726,Ns3
87,1021,76,9.22945101607522,Ns3
87,1026,195,1.8760469011725294,Ns3
87,1025,475,9.533497884344147,Ns3
87,947,541206,3.6275750551054124,Ns3
87,974,97236,13.418595014285403,Ns3
87,1007,51728,9.87763009784397,Ns3
87,998,169116,6.490566429213638,Ns3
87,1027,334,8.841379310344827,Ns3
87,916,234890,13.12323217147436,Ns3
87,813,2084144,2.842730837100852,Ns3
87,737,2005682,3.7462044379610253,Ns3
87,1029,670,1.0,Ns3
87,984,322013,4.430350436689122,Ns3
87,1030,458,1.0178062678062678,Ns3
87,1036,348,1.5001266464032421,Ns3
87,1042,1772,5.9127222350496424,Ns3
87,859,2091420,2.113880613169123,Ns3
87,1044,25250,1.9508032964288686,Ns3
87,1045,340,1.4946564885496183,Ns3
87,1039,10248,6.442677868765288,Ns3
87,1047,348,10.181231003039514,Ns3
87,1050,171,1.5770212765957448,Ns3
87,1046,31022,4.5331971399387125,Ns3
87,718,2182463,3.8920940602545526,Ns3
87,1055,75,2.129781420765027,Ns3
87,1017,83771,7.755236426361471,Ns3
87,798,2386707,2.797969353575225,Ns3
87,1056,46230,2.0809459719284753,Ns3
87,975,541551,3.80345936050662,Ns3
87,743,2349206,3.340244645960288,Ns3
87,1060,682,5.211016414141414,Ns3
87,801,2485373,2.7691239564174217,Ns3
87,1043,91409,6.5687444154994274,Ns3
87,727,2333139,3.6021528660533666,Ns3
87,1053,275050,1.8636048096123685,Ns3
87,904,2606938,1.6141866297531284,Ns3
87,1049,225910,3.440480031641288,Ns3
87,1061,346,10.354372623574145,Ns3
87,1063,722,5.560643564356436,Ns3
87,1066,520,1.9578748280605227,Ns3
87,1062,13017,5.118261626641515,Ns3
87,1068,57,10.095325953259533,Ns3
87,1038,254625,4.33178866751762,Ns3
87,1018,617511,2.2988834009186476,Ns3
87,435,2824844,6.373023318907428,Ns3
87,1057,142156,5.32946981868258,Ns3
87,539,2082335,7.7520808302724475,Ns3
87,1069,19491,6.929895915332809,Ns3
87,1052,222043,4.468247256721923,Ns3
87,1035,58430,19.899945945945944,Ns3
87,1064,95873,2.942144561279491,Ns3
87,917,397183,11.203911852154143,Ns3
87,1059,289912,3.158979116063909,Ns3
87,997,892575,3.139799582330002,Ns3
87,825,2469985,2.9539015836352234,Ns3
87,981,264771,12.626208148662359,Ns3
87,1072,7272,4.696394686907021,Ns3
87,898,2864370,1.959416262622732,Ns3
87,1076,470,1.0,Ns3
87,817,1899916,4.236372470955566,Ns3
87,1077,445,9.995337159253946,Ns3
87,1082,328,1.248076923076923,Ns3
87,1079,325,11.099383667180277,Ns3
87,1008,1800264,1.5917153108164344,Ns3
87,1083,1290,3.8697192337969035,Ns3
87,1081,2170,5.507059800664452,Ns3
87,1071,92779,3.746150505614492,Ns3
87,1084,1084,3.206143896523848,Ns3
87,874,2768015,2.3269847817325675,Ns3
87,1033,346717,6.676080532520783,Ns3
87,1080,77423,3.4509005019191026,Ns3
87,1091,481,1.2652846099789177,Ns3
87,1097,75,1.0,Ns3
87,1094,41,6.452847805788982,Ns3
87,1096,6214,2.197151702786378,Ns3
87,643,3234840,4.312877854471103,Ns3
87,876,2706110,2.485902795394329,Ns3
87,1099,339,9.351986249045073,Ns3
87,1105,439,1.623110151187905,Ns3
87,1104,438,10.729106628242075,Ns3
87,1107,9154,3.0964804098282896,Ns3
87,1100,70122,1.56737462073889,Ns3
87,1110,5088,3.2683576233183858,Ns3
87,1108,1065,3.429483720093542,Ns3
87,1101,27799,4.24365294965959,Ns3
87,1078,256469,3.3152370063229237,Ns3
87,1048,1350508,2.102046392415885,Ns3
87,1114,167,1.0,Ns3
87,1116,75,1.9326047358834244,Ns3
87,1117,453,2.1789285714285715,Ns3
87,1118,342,1.0,Ns3
87,1085,204314,4.501122331298697,Ns3
87,1119,13262,1.6114886615637742,Ns3
87,1040,350526,8.858425027974636,Ns3
87,983,1569857,2.969494553571361,Ns3
87,915,1815322,3.5449745503459127,Ns3
87,1120,520,8.110385144429161,Ns3
87,1128,338,1.0,Ns3
87,1124,387,3.309718100890208,Ns3
87,1126,483,9.000702247191011,Ns3
87,827,2327496,3.866482544054268,Ns3
87,1129,7449,5.266673991869025,Ns3
87,1133,5318,4.236709378407852,Ns3
87,1134,152,9.463649425287356,Ns3
87,1131,68287,1.4958811096872973,Ns3
87,1113,67849,6.442605651496625,Ns3
87,905,892173,7.687602756174607,Ns3
87,1109,84480,7.9663824471840545,Ns3
87,1000,1589126,3.0409229123050476,Ns3
87,805,1652542,5.962286830224438,Ns3
87,952,2716274,2.16533083410447,Ns3
87,835,2332463,3.8650100094944873,Ns3
87,1125,255892,1.89211106457596,Ns3
87,1135,2188,1.5357294768183751,Ns3
87,1075,184830,10.348628576966878,Ns3
87,1143,341,1.2318840579710144,Ns3
87,1020,2115190,2.0150805622175985,Ns3
87,1146,348,1.0,Ns3
87,1147,1328,1.1798289738430583,Ns3
87,664,2545235,5.880950418911365,Ns3
87,1136,61067,3.0000740096582605,Ns3
87,1145,5865,5.980794019077082,Ns3
87,1152,333,5.238113496932515,Ns3
87,1137,101448,1.9382966132556445,Ns3
87,1157,5615,1.5197142101084944,Ns3
87,1149,9500,3.0398095763764315,Ns3
87,1159,346,1.6520912547528517,Ns3
87,1148,968,5.679175864606329,Ns3
87,1160,663,7.760522959183674,Ns3
87,1155,46239,1.4687492490688454,Ns3
87,1112,466467,2.2921827421480763,Ns3
87,1166,380,1.1769746646795827,Ns3
87,1162,574,12.23380093520374,Ns3
87,1139,36351,5.879675675675676,Ns3
87,1132,60996,12.211764322067076,Ns3
87,1111,63342,17.333012086262737,Ns3
87,880,1520617,5.339858916853073,Ns3
87,1032,1978335,2.2277606900189557,Ns3
87,1098,346785,4.858575683833991,Ns3
87,1151,136257,3.5439516783569274,Ns3
87,1168,298,1.0,Ns3
87,1041,2072496,2.1799893999107844,Ns3
87,1167,73,1.9356751824817517,Ns3
87,1031,1681311,2.7256194565526894,Ns3
87,1144,103819,5.738772330124102,Ns3
87,1170,3179,1.4753298391469365,Ns3
87,1171,2374,1.2024324881467738,Ns3
87,1173,311,1.1748251748251748,Ns3
87,1174,1334,1.15494573369805,Ns3
87,1177,474,6.0970359915314045,Ns3
87,1138,228182,3.5240796558209033,Ns3
87,1181,205,4.1547420965058235,Ns3
87,1106,213455,8.8576128579904,Ns3
87,1103,268645,7.407319191493841,Ns3
87,1172,145106,1.7313890897404998,Ns3
87,1169,85927,4.0100070811121356,Ns3
87,1163,265429,2.950472504205709,Ns3
87,1127,243173,6.965098130841121,Ns3
87,979,2280033,2.9145537961775867,Ns3
87,1188,725,1.1866501854140914,Ns3
87,1189,811,2.522525192649674,Ns3
87,1192,520,2.720426409903714,Ns3
87,1195,537,1.17574931880109,Ns3
87,1196,74,11.217411121239746,Ns3
87,1198,796,2.2881592039800993,Ns3
87,909,2007095,4.288956433276472,Ns3
87,1201,698,7.2706766917293235,Ns3
87,753,2403488,5.089268113714564,Ns3
87,1158,454551,2.8807143899439245,Ns3
87,1186,25092,5.783028105167724,Ns3
87,1191,43996,4.012189593512315,Ns3
87,1002,2311171,2.682236818362265,Ns3
87,1202,42878,3.0543147469954093,Ns3
87,1207,66387,1.7673396816713112,Ns3
87,1140,241915,6.436010818909742,Ns3
87,1003,2069672,3.022644604788644,Ns3
87,1206,33292,3.3758887577069396,Ns3
87,1209,451,2.37794853466762,Ns3
87,1210,18619,2.8501761040368465,Ns3
87,1165,118545,11.412303282579327,Ns3
87,1190,45652,9.354392195976354,Ns3
87,1193,185511,2.35892593200854,Ns3
87,739,2099289,6.21904792584693,Ns3
87,1213,340,2.1076335877862595,Ns3
87,1211,497,9.526114206128133,Ns3
87,1089,189202,18.035470486689483,Ns3
87,1086,284715,12.373140324718356,Ns3
87,1164,280716,5.811746077080743,Ns3
87,1102,411909,7.238410900491637,Ns3
87,1215,474,4.363561514937662,Ns3
87,1184,262042,2.7099318993999058,Ns3
87,1095,1939154,1.7465631701580153,Ns3
87,1178,203459,6.141909470053127,Ns3
87,1218,482,1.4698033707865168,Ns3
87,1205,364788,2.1389942243743074,Ns3
87,1220,2413,7.617200280439355,Ns3
87,1232,465,1.398936170212766,Ns3
87,1225,75,8.083029751062538,Ns3
87,1226,291,10.743509047993706,Ns3
87,1224,7230,3.6885981078756602,Ns3
87,1231,1581,4.440162757300143,Ns3
87,1230,4154,3.314596126594237,Ns3
87,1219,9907,5.477967018113003,Ns3
87,1229,663,6.83811649659864,Ns3
87,903,2065227,4.72769561708586,Ns3
87,1199,131097,7.18418926908888,Ns3
87,1051,3366769,1.8246426685938208,Ns3
87,1236,9411,4.479341150195421,Ns3
87,1142,342308,7.038461538461538,Ns3
87,999,2392403,3.1880914123367408,Ns3
87,1070,2999179,1.788727440514017,Ns3
87,1228,207606,1.8955074479997285,Ns3
87,1233,46510,6.196097389469983,Ns3
87,1239,1486,8.48244758654315,Ns3
87,963,2580308,3.3268591449508165,Ns3
87,931,2501600,3.670551224611283,Ns3
87,1065,1804695,3.2131028310753016,Ns3
87,1122,1868164,1.9092133275439607,Ns3
87,1241,443,7.595186781609195,Ns3
87,1244,2934,1.1571994715984149,Ns3
87,1234,102040,7.078645456191166,Ns3
87,935,2727513,3.4505250573298283,Ns3
87,1247,324,3.548959136468774,Ns3
87,1217,108735,10.182046979865772,Ns3
87,1250,71,1.0,Ns3
87,1251,1602,1.2712753277711561,Ns3
87,1248,681,8.96525584333544,Ns3
87,1254,479,1.2258972554539056,Ns3
87,1221,350452,2.8436114211717256,Ns3
87,948,2277754,4.075663120780705,Ns3
87,1258,497,1.5118384401114207,Ns3
87,1259,343,10.120045731707316,Ns3
87,1260,2023,1.1982494529540482,Ns3
87,1262,2147,1.4759736369083283,Ns3
87,1263,63,17.772518382352942,Ns3
87,1255,8983,9.948485433146827,Ns3
87,1222,219209,5.278396269396725,Ns3
87,1268,669,1.2612841703750794,Ns3
87,1269,332,1.8190184049079754,Ns3
87,1271,348,1.0,Ns3
87,1267,1281,6.905535804977146,Ns3
87,945,2058570,4.637581773169641,Ns3
87,1274,448,1.0304441260744985,Ns3
87,1182,2629343,1.06801444259314,Ns3
87,1277,1095,7.118205804749341,Ns3
87,1204,249708,8.727940067136876,Ns3
87,1279,518,1.0,Ns3
87,1281,482,2.394662921348315,Ns3
87,1278,2357,7.901798635517883,Ns3
87,1284,342,1.180640243902439,Ns3
87,1208,216488,9.752951060920752,Ns3
87,1285,3404,3.1659373359005776,Ns3
87,1272,65416,6.834289532874792,Ns3
87,1179,662587,5.17810754684188,Ns3
87,1275,465033,1.4555291768134253,Ns3
87,1288,2248,1.4551578947368422,Ns3
87,1293,440,1.2341726618705036,Ns3
87,1273,63945,11.436075338591062,Ns3
87,1296,72,1.0764142335766422,Ns3
87,1291,437,10.94236311239193,Ns3
87,613,2205144,9.54550739111233,Ns3
87,1298,461,7.890191897654584,Ns3
87,1240,127551,10.591305060961163,Ns3
87,1297,2340,4.69965505913272,Ns3
87,1290,8908,6.151036357458376,Ns3
87,1289,55106,3.3891131498470948,Ns3
87,1074,2887781,2.2413078059076956,Ns3
87,1194,1763970,1.7737598967216412,Ns3
87,1294,94538,2.6852993493993518,Ns3
87,1301,3241,1.9596918667144392,Ns3
87,1302,640,5.8993548387096775,Ns3
87,1304,2307,1.389618511569731,Ns3
87,1156,1749914,2.5547030530147987,Ns3
87,1307,340,1.307442748091603,Ns3
87,1305,13626,4.357829987975211,Ns3
87,1292,181398,2.9095317423420632,Ns3
87,1309,347,11.651215805471125,Ns3
87,1299,72086,4.1109671302149176,Ns3
87,1295,353695,1.5128422769226657,Ns3
87,1310,3583,11.546618852459016,Ns3
87,1308,6254,10.779573208338473,Ns3
87,1312,346,5.205703422053232,Ns3
87,1315,153,1.5616379310344828,Ns3
87,1314,238,2.1416938110749184,Ns3
87,1303,222651,1.5554235820769458,Ns3
87,1317,672,10.863895939086294,Ns3
87,808,1707997,8.792669329820889,Ns3
87,1028,2051284,4.378037616390999,Ns3
87,1319,177,11.114406779661017,Ns3
87,1318,18138,3.094023242944106,Ns3
87,1280,130197,9.429465744814582,Ns3
87,1264,404738,4.772162664090207,Ns3
87,789,2599121,5.952239072420249,Ns3
87,1243,297031,7.91974540244733,Ns3
87,1283,887414,1.892683717497217,Ns3
87,883,2240909,5.865431538828418,Ns3
87,910,4067434,3.1837227224612756,Ns3
87,894,1608168,8.346158604751867,Ns3
87,625,2510059,8.712237033323316,Ns3
87,1261,422290,6.218200987736529,Ns3
87,751,977344,16.97803742994999,Ns3
87,1276,226543,10.423604098975256,Ns3
87,1282,177037,13.413039228668898,Ns3
87,1316,270625,5.119711195108781,Ns3
87,967,1860380,6.469496625817935,Ns3
87,946,3955038,3.140046707101236,Ns3
87,1323,10329,1.0083340567757617,Ns3
87,1325,471,1.312720848056537,Ns3
87,1322,308,4.512461059190031,Ns3
87,1324,72,5.566833941605839,Ns3
87,1326,162,1.0,Ns3
87,1327,449,10.69362920544023,Ns3
87,631,2799621,7.985577713124337,Ns3
87,1235,2202116,2.027896208509266,Ns3
87,996,1335366,8.90499800752712,Ns3
87,1249,1064468,3.5664880956371903,Ns3
87,1161,2313767,2.909807120569085,Ns3
87,1328,484,1.0,Ns3
87,1121,2367812,3.2030496142311975,Ns3
87,691,1705732,11.732981940159892,Ns3
87,1270,916929,3.8952435534544305,Ns3
87,665,2494926,8.812444473315667,Ns3
87,1087,600490,14.42887109968447,Ns3
87,1329,293217,1.2012406319016184,Ns3
87,1011,1056260,11.218524073999,Ns3
87,529,2540376,10.305595760356944,Ns3
87,1335,344,10.171744097486672,Ns3
87,1334,688,9.77015113350126,Ns3
87,1330,73849,6.3330501011911196,Ns3
87,1245,2766612,1.6411731838521364,Ns3
87,1338,255,1.1147342995169083,Ns3
87,1339,683,1.0,Ns3
87,1223,2357597,2.2947108417963133,Ns3
87,1253,1439131,3.1196763069657147,Ns3
87,1341,189,1.3313708999158957,Ns3
87,860,2178264,7.317155180068893,Ns3
87,986,1340608,9.77282518465288,Ns3
87,987,1129937,11.54711680018055,Ns3
87,1306,753777,4.320730452269543,Ns3
87,1344,3505,1.5048325854332067,Ns3
87,1343,18260,5.199691765741964,Ns3
87,1345,324,9.84348496530455,Ns3
87,1347,343,1.3371443089430894,Ns3
87,1238,2138625,2.5444479727245377,Ns3
87,838,3228544,5.393955785295611,Ns3
87,1216,2822914,2.259339574564387,Ns3
87,1286,2403324,1.6913546824774686,Ns3
87,1090,2048161,4.779169355924648,Ns3
87,1349,16,1.299000951474786,Ns3
87,962,2421510,5.853464574756334,Ns3
87,1266,648153,7.7554619479773175,Ns3
87,1352,433,1.238800578034682,Ns3
87,1351,22502,1.0486805139778013,Ns3
87,1356,2575,3.9928172386272944,Ns3
87,1350,10817,5.073809723738349,Ns3
87,1123,2004826,4.558680078531667,Ns3
87,1355,8325,2.222560975609756,Ns3
87,1358,1925,3.950606196677144,Ns3
87,1348,104251,1.703429090747883,Ns3
87,1058,2286900,5.258191564899285,Ns3
87,1214,3420004,1.9996695527354444,Ns3
87,1320,1320188,2.5184450579073303,Ns3
87,1176,1604062,5.013883393451154,Ns3
87,807,2337677,8.04119739650315,Ns3
87,1311,420138,9.547359316628445,Ns3
87,1359,784,4.490840840840841,Ns3
87,1363,8773,1.1972935869778387,Ns3
87,1073,2393331,4.588300371326689,Ns3
87,1365,1870,5.711337868480726,Ns3
87,1185,1546500,4.989223800383877,Ns3
87,1367,326,5.446497305619707,Ns3
87,1374,5811,2.1784899034240564,Ns3
87,1373,348,4.8400455927051675,Ns3
87,1357,242208,2.2847579164197085,Ns3
87,891,2017383,8.250766119074777,Ns3
87,1369,133137,1.6479871372521606,Ns3
87,1366,35999,6.307434366565797,Ns3
87,1353,317205,2.427027265183836,Ns3
87,1212,2348595,3.1743582874677316,Ns3
87,842,2723067,6.762340998326771,Ns3
87,469,4190060,7.058655469152883,Ns3
87,1333,1877030,1.0690431557798894,Ns3
87,1337,216355,8.554748924894662,Ns3
87,757,2687871,7.524658157442231,Ns3
87,1092,2631341,4.156773370122006,Ns3
87,1300,2798550,1.798137595611659,Ns3
87,956,3592256,4.305656556404273,Ns3
87,1150,2643687,3.6536662310397476,Ns3
87,1130,2574059,4.006091668049386,Ns3
87,1054,3553125,3.8566714423280173,Ns3
87,1200,1723022,5.037704758264462,Ns3
87,1141,1316801,7.650022055021856,Ns3
87,1362,138655,8.916639504563234,Ns3
87,1331,2066508,1.6616122541926335,Ns3
87,879,2608799,7.079209910923569,Ns3
87,881,1787735,10.07725339814708,Ns3
87,846,2783013,7.0299969165410445,Ns3
87,1313,2153122,2.6840111178311927,Ns3
87,1371,257818,7.414553029749287,Ns3
87,1037,2456461,6.10998888119175,Ns3
87,1378,1267,1.0124777183600713,Ns3
87,1287,1488513,4.889763483519032,Ns3
87,1376,97065,1.0148193887002162,Ns3
87,1380,3137,3.6185286103542236,Ns3
87,1384,332,8.999616564417177,Ns3
87,1256,2890416,2.9294696803500826,Ns3
87,1183,2621744,4.175552271521623,Ns3
87,1386,18360,4.535455940377028,Ns3
87,1387,48852,1.817866197665654,Ns3
87,1024,2935952,5.432431249171512,Ns3
87,1389,341,1.0,Ns3
87,1088,1209065,11.16730146526684,Ns3
87,1252,2426864,3.6046274222891106,Ns3
87,1394,331,1.3415195702225633,Ns3
87,1393,5786,2.1980764231868988,Ns3
87,1397,325,1.6694915254237288,Ns3
87,1390,58512,1.4160804794850546,Ns3
87,1398,10164,4.625186616316853,Ns3
87,1391,30488,4.716846579786342,Ns3
87,1402,1113,9.188222923238696,Ns3
87,1381,157095,3.100715145928426,Ns3
87,1399,41058,1.8005364806866953,Ns3
87,1401,8681,5.087909917028842,Ns3
87,839,2693589,7.873446315723552,Ns3
87,1403,10084,1.413229709440961,Ns3
87,1336,1787370,2.665568496372973,Ns3
87,1406,415,1.0,Ns3
87,1409,1104,5.9981564392941795,Ns3
87,1375,49177,13.7343431004647,Ns3
87,1411,883,1.1536697247706422,Ns3
87,1377,120034,6.697215429670511,Ns3
87,1408,111836,1.4252500983823864,Ns3
87,508,6780247,4.698618910048757,Ns3
87,1416,334,5.686398467432951,Ns3
87,1395,177197,3.5895829973876867,Ns3
87,1388,163268,5.456430228229432,Ns3
87,1372,2536595,1.4397412286471352,Ns3
87,1418,331,1.2986697365055002,Ns3
87,1413,195109,2.1238301887926525,Ns3
87,1422,336,4.432287681713849,Ns3
87,1414,155539,2.013844155649151,Ns3
87,1421,30797,1.733954035076866,Ns3
87,1424,3178,4.533918037876436,Ns3
87,851,2857547,7.457316623002746,Ns3
87,1379,184654,6.8017209104580845,Ns3
87,1417,65293,6.985880514067384,Ns3
87,966,2191395,8.510304266150676,Ns3
87,1257,2642564,3.737684135328953,Ns3
87,1428,180745,2.183504847322308,Ns3
87,1396,194628,6.644230189816209,Ns3
87,1153,2605132,5.039322069754432,Ns3
87,1175,1837845,6.85625197541137,Ns3
87,1420,141382,4.6097748270207575,Ns3
87,1246,2301724,4.485686708839503,Ns3
87,1321,2337018,3.054721979752164,Ns3
87,1427,175876,4.8108471624800195,Ns3
87,1426,229588,4.180339875440465,Ns3
87,1342,1738048,3.446038600535304,Ns3
87,1346,2296205,2.5977246498343614,Ns3
87,1423,332828,3.8691908544333,Ns3
87,1415,1156868,1.4436170803601365,Ns3
87,1429,41,1.0,Ns3
87,1385,1460315,1.7731263777832853,Ns3
87,1433,30,1.0,Ns3
87,1432,3196,1.985935809592499,Ns3
87,1431,10228,1.8270676691729324,Ns3
87,1434,18466,1.548603534802531,Ns3
87,1430,92214,1.2253471918944887,Ns3
87,1439,321,1.6235521235521235,Ns3
87,1440,672,1.2779187817258884,Ns3
87,1441,75,1.2349726775956285,Ns3
87,1446,333,1.0,Ns3
87,1436,48987,1.7649538455533655,Ns3
87,1448,366,1.4362634610568494,Ns3
87,1443,5734,4.509734744544623,Ns3
87,1449,24416,1.84073756432247,Ns3
87,1450,18041,4.59670964873277,Ns3
87,1445,30321,3.2531720188636872,Ns3
87,1453,4132,3.107636097917428,Ns3
87,1459,1151,1.166577896138482,Ns3
87,1458,2288,1.6722432833360805,Ns3
87,1444,231829,1.2656087501331696,Ns3
87,1457,17887,2.546856598059559,Ns3
87,1454,38933,1.871651722776744,Ns3
87,1467,915,1.0,Ns3
87,1368,1667755,3.5296702091443497,Ns3
87,1412,288496,8.680173672847346,Ns3
87,1332,1977937,3.8198965883013942,Ns3
87,1354,2555035,2.5161418362178254,Ns3
87,1469,478,1.0,Ns3
87,1468,331,10.725249424405218,Ns3
87,1471,332,1.0797546012269938,Ns3
87,1472,240,1.7910569105691057,Ns3
87,1470,3535,1.437435544860777,Ns3
87,1476,165,1.0,Ns3
87,1462,302140,1.1349896900774807,Ns3
87,1481,473,8.960805084745763,Ns3
87,1478,45345,1.2960696980079291,Ns3
87,1482,27650,2.8986242410268233,Ns3
87,1452,429693,1.3615360453197844,Ns3
87,1464,297797,1.6612942206585604,Ns3
87,1477,54383,5.933579716727919,Ns3
87,1484,502,1.5618055555555554,Ns3
87,1435,160063,7.109411266659854,Ns3
87,1483,21997,2.931973108927648,Ns3
87,1486,875,3.398446490218642,Ns3
87,1474,188071,2.759322266257883,Ns3
87,1438,166483,6.845413499686085,Ns3
87,1491,13232,1.9360085990684341,Ns3
87,1475,502499,1.1596835483345953,Ns3
87,1360,2445264,2.763922169476856,Ns3
87,1493,342,1.6558689024390243,Ns3
87,1404,2316122,1.5470729470038034,Ns3
87,1382,1596638,2.567922142639326,Ns3
87,1497,853,1.0,Ns3
87,1498,549,1.1995599187542316,Ns3
87,1495,666,9.038828771483132,Ns3
87,1489,27881,6.015795462151128,Ns3
87,1485,221893,1.5405905036337055,Ns3
87,1419,1491995,2.084129340132309,Ns3
87,1473,158309,4.756430266169276,Ns3
87,1492,135111,2.4482007180429157,Ns3
87,1494,157996,1.4465091172599418,Ns3
87,1361,2115394,3.389893954444216,Ns3
87,1500,538,1.4420980926430518,Ns3
87,1503,284,1.0972332015810278,Ns3
87,1502,2197,4.119737626714371,Ns3
87,1505,7252,1.3185731857318572,Ns3
87,1508,330,1.099078341013825,Ns3
87,1507,163,1.3070776255707763,Ns3
87,1496,241563,2.182249956158298,Ns3
87,1509,1194,5.088800530152419,Ns3
87,1511,495,1.061947931194793,Ns3
87,1513,886,1.0621064682312535,Ns3
87,1516,35310,1.028101312627103,Ns3
87,1392,2251914,2.1027114545661383,Ns3
87,1517,1210,1.0834621329211747,Ns3
87,1519,653,1.0,Ns3
87,1521,347,1.156724924012158,Ns3
87,1524,421,3.6992727272727275,Ns3
87,1529,1697,1.2378833996722078,Ns3
87,1526,867,8.643475750577368,Ns3
87,1518,23857,3.1139040945916356,Ns3
87,1180,2635297,6.078683799112083,Ns3
87,1093,2499649,7.260690129597052,Ns3
87,1528,137159,1.4201546571144819,Ns3
87,1520,135369,1.7322035064186894,Ns3
87,1531,2244,2.6553612808089317,Ns3
87,1530,452,8.681071428571428,Ns3
87,1532,498,1.1131615598885793,Ns3
87,1533,451,2.814272099118418,Ns3
87,1512,152483,4.043904581800855,Ns3
87,1536,3456,2.130344108446298,Ns3
87,1535,1445,6.897788697788698,Ns3
87,1534,15324,2.7546641197071,Ns3
87,1537,756,1.283323189287888,Ns3
87,1540,346,1.2539923954372623,Ns3
87,1538,1009,3.0451491534533726,Ns3
87,1542,339,3.8170359052711995,Ns3
87,1545,4882,1.0209144670416848,Ns3
87,1547,1542,7.674945743911261,Ns3
87,1554,697,1.0,Ns3
87,1553,456,2.2156094084105487,Ns3
87,1549,16488,3.9958618207988486,Ns3
87,1555,14812,2.2852461165366718,Ns3
87,957,1335726,17.155868151403496,Ns3
87,1561,299,1.5250587314017228,Ns3
87,1340,2359151,4.1141532792076925,Ns3
87,1562,1412,6.544241482057261,Ns3
87,1510,423597,2.468639873458403,Ns3
87,1568,660,1.043742017879949,Ns3
87,1566,16470,1.1960384153661465,Ns3
87,1237,2650343,5.587035996132832,Ns3
87,1571,708,1.3993142144638404,Ns3
87,1569,40219,1.0577506767657434,Ns3
87,1574,349,1.1431283219438118,Ns3
87,1572,6693,2.9310711752187277,Ns3
87,1565,49874,2.555316374474779,Ns3
87,1034,1860097,11.514775676879134,Ns3
87,1437,2459917,1.3236573459332224,Ns3
87,1576,102,8.086160714285715,Ns3
87,1522,236047,4.024515341316041,Ns3
87,1364,2285641,3.8287452208247448,Ns3
87,930,4968724,4.850821729456284,Ns3
87,1578,73,1.3813868613138687,Ns3
87,1203,3381039,4.834497317952958,Ns3
87,1582,449,4.498926270579814,Ns3
87,1583,555,2.6295546558704452,Ns3
87,1581,14988,2.5213664112222367,Ns3
87,1584,13074,1.835273700195242,Ns3
87,1588,443,1.3548850574712643,Ns3
87,1585,452,9.1525,Ns3
87,1407,2078409,2.7694751763618135,Ns3
87,1447,496569,7.112611849281229,Ns3
87,1587,10328,3.796145164090988,Ns3
87,1558,144328,5.379169695501171,Ns3
87,1573,268412,2.1011725763755056,Ns3
87,1544,250873,3.9221444193097232,Ns3
87,1589,474,1.2240649258997882,Ns3
87,1067,2627901,7.999152894601254,Ns3
87,1591,75,1.5441712204007285,Ns3
87,1546,172249,6.098941592052331,Ns3
87,1590,15969,2.09358194702719,Ns3
87,1598,1479,3.3168171833048574,Ns3
87,1596,20268,1.7193450881612091,Ns3
87,1577,343876,1.8511769355004983,Ns3
87,1597,19242,3.796956453056711,Ns3
87,1593,18983,5.65694014723141,Ns3
87,1601,444,1.9623115577889447,Ns3
87,1602,321,1.0,Ns3
87,1605,421,1.3683636363636364,Ns3
87,1606,156,1.1317712811693894,Ns3
87,1580,226860,2.8862359550561796,Ns3
87,1608,333,1.598159509202454,Ns3
87,1603,19021,3.0105240778143934,Ns3
87,1610,791,1.3144823459006583,Ns3
87,1599,48700,3.9977324782409527,Ns3
87,1611,53,4.556018518518519,Ns3
87,1604,63657,2.3628792597206156,Ns3
87,1463,2648132,1.4394657077729347,Ns3
87,1614,74,1.719690063810392,Ns3
87,1616,776,1.156720916214587,Ns3
87,1197,616124,27.729252054569205,Ns3
87,868,2085580,12.803929867195473,Ns3
87,1620,313,1.1657608695652173,Ns3
87,1527,145709,13.365745814595064,Ns3
87,1621,1411,9.654379020286987,Ns3
87,1456,1966081,2.1338424476263413,Ns3
87,1187,1762925,9.94072230095111,Ns3
87,1624,932,7.150084080717488,Ns3
87,1615,230821,1.3805433276269667,Ns3
87,1550,135943,12.425051566327188,Ns3
87,1625,38376,1.470017133066819,Ns3
87,1626,901,1.3808982376350198,Ns3
87,1623,125809,1.0261561054002384,Ns3
87,1400,2719810,2.5704241901146068,Ns3
87,1586,364026,3.1019101867969137,Ns3
87,1613,252502,2.2910521186460437,Ns3
87,1557,818893,2.387427184888706,Ns3
87,1612,267074,2.387884295551899,Ns3
87,1579,81459,14.984415021727218,Ns3
87,1628,330,1.402073732718894,Ns3
87,1570,328540,5.333369282314539,Ns3
87,1630,1246,1.4086956521739131,Ns3
87,1543,313566,6.960232962631108,Ns3
87,1479,1891161,2.2357825532134674,Ns3
87,1480,1091774,3.8624636298618777,Ns3
87,1617,92702,7.624861857871928,Ns3
87,1490,1908457,2.051606440116219,Ns3
87,1636,1805,1.1157130657557643,Ns3
87,1618,186554,4.470251967811442,Ns3
87,1560,207934,10.608098912953281,Ns3
87,1637,14954,4.484874113590528,Ns3
87,1638,168,1.3011945392491469,Ns3
87,1639,514,1.2422360248447204,Ns3
87,1640,4362,1.9633266840570816,Ns3
87,1642,230,2.411620294599018,Ns3
87,1644,336,1.3121652639632746,Ns3
87,1552,2395525,1.0636062370604276,Ns3
87,1643,781,4.798456604529966,Ns3
87,1594,239623,6.288162391483678,Ns3
87,1634,300625,1.703426555027626,Ns3
87,1465,2740767,1.9087501396976616,Ns3
87,1632,223679,3.3906964514948266,Ns3
87,1564,2285525,1.2103928521901064,Ns3
87,1523,2374086,1.5375133761235442,Ns3
87,906,2761398,9.983325474214633,Ns3
87,1499,674814,6.932434691267008,Ns3
87,1635,628131,1.5796343463506435,Ns3
87,1410,4331193,1.9156198863123306,Ns3
87,1649,332,1.0,Ns3
87,1647,480,2.7568565400843883,Ns3
87,1646,515,9.663793103448276,Ns3
87,1648,9623,2.6027849028948333,Ns3
87,1650,327,1.1711538461538462,Ns3
87,1652,477,1.0,Ns3
87,1651,20,10.148481973434535,Ns3
87,1567,2601601,1.3084337382512274,Ns3
87,1595,597487,4.510659297667962,Ns3
87,1488,2829900,1.9016147088528905,Ns3
87,1653,327,1.741923076923077,Ns3
87,1657,551,1.196078431372549,Ns3
87,1656,11009,1.4966531691595737,Ns3
87,1265,2302796,7.672762559666793,Ns3
87,1658,540,1.0,Ns3
87,1575,2794498,1.2772542208930473,Ns3
87,1525,362214,11.942837564341604,Ns3
87,1659,3655,2.7556645248562734,Ns3
87,1660,1018,6.649141630901288,Ns3
87,1661,457,9.71474358974359,Ns3
87,1664,3302,1.3688510033741788,Ns3
87,1662,975,4.837458745874588,Ns3
87,1663,1073,7.506892895015906,Ns3
87,1655,113170,2.239115424828865,Ns3
87,1541,2023019,2.0858043829663195,Ns3
87,1665,75,1.0,Ns3
87,1668,348,1.0,Ns3
87,1669,999,1.01578660860098,Ns3
87,1671,12776,2.344082054309327,Ns3
87,1673,684,1.2350157728706626,Ns3
87,1678,397,1.2636430678466077,Ns3
87,1672,9549,2.505814353540219,Ns3
87,1675,341,5.814645308924485,Ns3
87,1683,475,1.067348377997179,Ns3
87,1681,334,10.93256704980843,Ns3
87,1686,62,1.9053308823529411,Ns3
87,1688,464,1.2136266855926188,Ns3
87,1684,73011,1.4834837178806706,Ns3
87,1687,2311,1.6397300855826202,Ns3
87,1685,481,10.010892480674631,Ns3
87,1689,273,8.778264331210192,Ns3
87,1451,1814577,3.949772942320474,Ns3
87,1674,40870,6.376307559581581,Ns3
87,1592,1310962,2.652850625326282,Ns3
87,1666,49815,7.090805113254093,Ns3
87,1694,348,1.0543313069908815,Ns3
87,1691,3032,7.1551246537396125,Ns3
87,1693,15793,4.512251243781095,Ns3
87,1690,24126,5.024904712404712,Ns3
87,1698,1109,1.6372007366482504,Ns3
87,1700,44,1.0,Ns3
87,1703,2171,1.5014931740614335,Ns3
87,1667,146536,3.4578040938464967,Ns3
87,1704,1081,1.2226045526733722,Ns3
87,1702,4736,1.5358554488989271,Ns3
87,1699,327,6.7784615384615385,Ns3
87,1706,216,1.0,Ns3
87,1115,3858888,5.870768034693592,Ns3
87,1710,694,1.1902071563088512,Ns3
87,1563,1745859,2.5730653337635663,Ns3
87,1713,725,1.3284919653893696,Ns3
87,1714,329,1.3180245964642583,Ns3
87,1712,13128,1.3140138408304498,Ns3
87,1716,1095,2.203733620534913,Ns3
87,1715,687,12.299748110831235,Ns3
87,1718,2580,2.184265847347995,Ns3
87,1701,45131,6.404472843450479,Ns3
87,1679,263180,2.739580354124958,Ns3
87,1501,2418354,2.49792233632578,Ns3
87,927,2549504,11.217752608314276,Ns3
87,1717,198020,1.6525447824850725,Ns3
87,1455,2440179,3.1496518843465893,Ns3
87,1709,597643,1.0577514116217568,Ns3
87,1692,409732,2.071703595867165,Ns3
87,1504,2274270,2.798092318138381,Ns3
87,1641,2199284,1.3317013974478091,Ns3
87,1720,83363,6.1515676567656765,Ns3
87,1425,2147103,4.603484064070879,Ns3
87,1514,2516029,2.5059292656160377,Ns3
87,784,1627423,20.20695025880791,Ns3
87,1506,2826470,2.372954407448639,Ns3
87,1645,348736,8.805662663506983,Ns3
87,1695,503185,2.481041468892542,Ns3
87,1607,2087676,2.233115831451069,Ns3
87,1705,276095,5.026013382874628,Ns3
87,1515,2134011,3.1794709174307827,Ns3
87,1627,1814941,2.2731165322980944,Ns3
87,1722,448,6.263610315186247,Ns3
87,1556,2837423,2.2319866253328966,Ns3
87,1729,402,1.0540441176470587,Ns3
87,1727,8449,1.2529429520072441,Ns3
87,1405,2548404,4.528236556760448,Ns3
87,1736,480,1.5836849507735584,Ns3
87,1733,23457,1.9506107039751277,Ns3
87,1738,71,6.8342465753424655,Ns3
87,1723,83643,2.6964630644740275,Ns3
87,1730,82200,2.996195228007582,Ns3
87,1466,1832340,4.938495050586207,Ns3
87,1697,296009,7.016733683761672,Ns3
87,1680,333540,7.126054497418208,Ns3
87,1734,80939,2.062674232668714,Ns3
87,1724,256548,1.3856235253073328,Ns3
87,1731,70733,4.457663951579151,Ns3
87,1460,2034378,4.556094561595624,Ns3
87,1631,1788668,2.6614718522474385,Ns3
87,1728,60319,8.88780282726365,Ns3
87,1740,454,2.251249107780157,Ns3
87,1739,347,6.210866261398176,Ns3
87,1746,483,1.9507256554307115,Ns3
87,1747,891,8.806396344945746,Ns3
87,1744,31303,1.7385207588671983,Ns3
87,1383,4209771,3.0037016014687445,Ns3
87,1751,434,1.0,Ns3
87,1752,605,1.2388304862023654,Ns3
87,1749,663,9.011798469387756,Ns3
87,1559,2337622,3.011075951777713,Ns3
87,1753,322,1.064429012345679,Ns3
87,1750,39269,2.10443864229765,Ns3
87,1754,472,1.0713276836158192,Ns3
87,1737,152530,4.380391196547185,Ns3
87,1756,676,1.162127929069031,Ns3
87,1742,110187,2.0346831518082626,Ns3
87,1755,476,7.94045102184637,Ns3
87,1539,4162197,1.7714657058905594,Ns3
87,1759,533,1.1686020036429872,Ns3
87,1696,707747,3.816530607139581,Ns3
87,1762,437,1.0,Ns3
87,1764,14958,1.0,Ns3
87,1761,687,4.716729638958858,Ns3
87,1745,345920,1.0252526287740586,Ns3
87,1487,2399328,3.7701895042289095,Ns3
87,1773,330,1.0,Ns3
87,1774,153,1.0133620689655172,Ns3
87,1771,345,9.11986301369863,Ns3
87,1769,12780,2.647757450575391,Ns3
87,1772,36169,5.610566924862112,Ns3
87,1777,1210,1.5824317362184441,Ns3
87,1619,2424406,2.5349793955503825,Ns3
87,1779,446,7.989605734767025,Ns3
87,1370,2309130,6.855381298470036,Ns3
87,1776,53518,2.0270417575046116,Ns3
87,1781,8399,2.3952924537832105,Ns3
87,1775,205888,1.5447267585074353,Ns3
87,1783,512,1.393646408839779,Ns3
87,1748,312429,2.5327706440904763,Ns3
87,1732,212865,6.384818820984316,Ns3
87,1765,279301,1.9766712533450392,Ns3
87,1633,1733698,3.32742112320772,Ns3
87,1784,153,11.05646551724138,Ns3
87,1790,322,1.3131430041152263,Ns3
87,1785,9620,1.7364502354100515,Ns3
87,1788,12601,2.3403668356695495,Ns3
87,1600,2676818,2.6177488337137103,Ns3
87,1242,2364486,9.472345183936191,Ns3
87,1682,1907897,2.0563727984546025,Ns3
87,1797,1337,1.376851619382375,Ns3
87,1794,335,10.315467075038285,Ns3
87,1798,5847,1.0254423350122692,Ns3
87,1791,111880,2.5374334872357607,Ns3
87,1676,1746919,2.3827452226303025,Ns3
87,1782,197596,2.8015293461095476,Ns3
87,1548,4636327,1.8233689676590523,Ns3
87,1766,248039,4.129846506877108,Ns3
87,1793,122879,1.3484572130605301,Ns3
87,1707,2516429,1.5203859393728154,Ns3
87,1786,112153,5.160829702438722,Ns3
87,1622,2836755,2.470759413255531,Ns3
87,1227,2150266,10.96489288907038,Ns3
87,1461,2406052,4.628376905321825,Ns3
87,1629,2075157,3.320093014888913,Ns3
87,1726,269416,9.613601884889526,Ns3
87,1803,376,1.1389096340552651,Ns3
87,1805,730,1.127620221948212,Ns3
87,1708,2715936,1.6359508582171096,Ns3
87,1799,72970,3.219791210852035,Ns3
87,1808,450,1.1387696709585122,Ns3
87,1807,553,9.339527027027026,Ns3
87,1795,99935,9.321962730717246,Ns3
87,1812,333,1.419478527607362,Ns3
87,1811,128172,1.057029117585716,Ns3
87,1810,87048,1.8814428910577683,Ns3
87,1814,181102,2.0888608659100463,Ns3
87,1741,1786549,1.487586859317739,Ns3
87,1804,361385,1.634614755546251,Ns3
87,1800,371391,2.217905287086976,Ns3
87,1792,337442,5.306191468132407,Ns3
87,1721,1329169,3.7211082883426627,Ns3
87,1815,326,1.3183217859892224,Ns3
87,936,3879733,8.585024587597538,Ns3
87,1817,460,2.050853485064011,Ns3
87,1819,669,2.388270820089002,Ns3
87,1818,5461,1.5576220749357501,Ns3
87,1816,37149,1.9461780535866593,Ns3
87,1820,2257,2.119192768551608,Ns3
87,1770,1880127,1.3835754429913008,Ns3
87,1826,940,1.0,Ns3
87,1827,345,3.7423896499238967,Ns3
87,1825,23992,1.9040230135553329,Ns3
87,1832,481,1.1746310611384398,Ns3
87,1833,475,1.0,Ns3
87,1835,12799,1.432245228796699,Ns3
87,1831,8175,4.10988354732756,Ns3
87,1836,445,3.604734576757532,Ns3
87,1834,22020,3.145301950487622,Ns3
87,1767,1904960,1.67290813633851,Ns3
87,1735,2282340,1.769464213370755,Ns3
87,1830,168044,2.046939698667316,Ns3
87,1711,752323,7.9867363534446,Ns3
87,1847,110,7.619449378330373,Ns3
87,1851,746,1.2042813455657493,Ns3
87,1848,8849,2.343405790038015,Ns3
87,1846,335,11.66385911179173,Ns3
87,1852,734,1.093846153846154,Ns3
87,1854,3112,1.520350428910385,Ns3
87,1857,480,1.0708509142053446,Ns3
87,1856,488,2.312558356676004,Ns3
87,1861,332,1.1422546012269938,Ns3
87,1862,461,1.0753375977256574,Ns3
87,1860,348,8.260258358662615,Ns3
87,1839,184645,1.5272616509290284,Ns3
87,1859,330,11.273041474654377,Ns3
87,1866,1721,2.197202797202797,Ns3
87,1865,2921,2.7023449319213313,Ns3
87,1868,19,1.0802469135802468,Ns3
87,1154,2520462,11.077774851262063,Ns3
87,1869,231,2.6815208503679475,Ns3
87,1677,2033707,3.3181469010123963,Ns3
87,1840,118564,2.810754224105038,Ns3
87,1870,470,1.1722065063649223,Ns3
87,1867,7153,5.355934115523466,Ns3
87,1872,469,1.3251946213729653,Ns3
87,1743,1123595,3.6505888232640777,Ns3
87,1757,2288164,1.7076136728531315,Ns3
87,1850,110215,3.096011677237787,Ns3
87,1863,153475,2.9291245150985015,Ns3
87,1880,162,1.0,Ns3
87,1849,282579,2.23687076451418,Ns3
87,1879,1449,5.924134544561748,Ns3
87,1882,72,1.1357968369829683,Ns3
87,1858,195101,3.1338013776853444,Ns3
87,1887,1277,1.3141041931385007,Ns3
87,1888,303,10.556640625,Ns3
87,1893,620,2.164928292046936,Ns3
87,1891,67912,1.174875734297334,Ns3
87,1896,179,1.636748518204911,Ns3
87,1894,7274,6.134471599151881,Ns3
87,1898,1131,4.694866422210581,Ns3
87,1871,586132,1.1361848723507182,Ns3
87,1719,2336335,2.977958517110111,Ns3
87,1902,336,1.200459066564652,Ns3
87,1889,143427,2.162940569357421,Ns3
87,1901,1248,2.8530717329545454,Ns3
87,1844,144238,7.240750618241769,Ns3
87,1899,32037,4.075553637418067,Ns3
87,1763,2275884,2.0332146093810946,Ns3
87,1904,36546,2.460752688172043,Ns3
87,1892,259771,1.8942113234240525,Ns3
87,1886,60344,8.516081799187273,Ns3
87,1907,3601,1.884454221663524,Ns3
87,1908,1391,4.0630899155489315,Ns3
87,1910,526,1.820424948594928,Ns3
87,1909,4340,1.7647405660377358,Ns3
87,1912,444,1.0,Ns3
87,1906,59325,1.4763891206407476,Ns3
87,1853,171469,8.03949532238364,Ns3
87,1918,457,1.3205128205128205,Ns3
87,1920,702,1.17,Ns3
87,1917,400,8.909057437407952,Ns3
87,1919,340,6.275954198473283,Ns3
87,1921,341,9.551868802440884,Ns3
87,1929,1280,1.0,Ns3
87,1930,1051,1.3686734150239743,Ns3
87,1890,251703,3.5116149614549808,Ns3
87,1923,22981,4.67862961622013,Ns3
87,1936,845,5.938156359393232,Ns3
87,1938,704,7.2539038101186755,Ns3
87,1939,332,1.2361963190184049,Ns3
87,1940,75,1.3406193078324227,Ns3
87,1942,475,1.2849083215796897,Ns3
87,1943,1193,1.203205791106515,Ns3
87,1914,124879,1.9509633364653785,Ns3
87,1876,384872,3.758388772219875,Ns3
87,1937,63661,1.301950247339763,Ns3
87,1813,1969400,1.695617274914742,Ns3
87,1925,89891,2.7492341151984285,Ns3
87,1922,120309,2.284894605948267,Ns3
87,1934,46116,3.0380094421427883,Ns3
87,1916,128552,2.7005814742134726,Ns3
87,1806,1730259,2.0294708990702928,Ns3
87,1945,591,4.70196337966027,Ns3
87,1946,40875,1.6537362518869958,Ns3
87,1883,471682,2.5793066897083534,Ns3
87,1948,2216,1.2800592718035564,Ns3
87,1947,476,4.132663847780127,Ns3
87,1913,485262,1.1275386737970525,Ns3
87,1950,76,10.481346678798909,Ns3
87,1768,1565798,3.5377244133768926,Ns3
87,1955,1287,1.0494547299010906,Ns3
87,1823,1312024,2.0418133607172306,Ns3
87,1954,14578,2.5619774386197744,Ns3
87,1841,535253,4.435847393045759,Ns3
87,1951,92834,1.6673321841788713,Ns3
87,1959,674,1.1223842739378567,Ns3
87,1960,449,1.0,Ns3
87,1961,329,1.2427619779656673,Ns3
87,1829,1267153,2.192285019252007,Ns3
87,1963,3910,2.2765609676364824,Ns3
87,1967,341,1.0,Ns3
87,1931,79956,8.473010509435584,Ns3
87,1760,2856841,2.056187721016857,Ns3
87,1958,22365,2.198713201259026,Ns3
87,1897,446741,3.3386340484966865,Ns3
87,1821,2627229,1.2160885649029138,Ns3
87,1915,159914,5.655079686369648,Ns3
87,1957,69177,1.6766547773632046,Ns3
87,1874,150521,13.385986915449157,Ns3
87,1801,2637425,1.6707958619480512,Ns3
87,1968,5080,1.1175315568022441,Ns3
87,1971,1680,6.052372005636449,Ns3
87,1973,1179,5.1624850657108725,Ns3
87,1609,1866361,6.5336664386114505,Ns3
87,1842,2395937,1.1876839903811482,Ns3
87,1654,3878767,2.5144595271256187,Ns3
87,1928,283730,4.096823127498816,Ns3
87,1974,71,11.755251141552511,Ns3
87,1975,210034,1.1223369464957542,Ns3
87,1969,292196,1.8366692654054828,Ns3
87,1953,384986,2.7804526571948283,Ns3
87,1838,2174960,1.604619338948734,Ns3
87,1924,683452,2.6506498730291903,Ns3
87,1977,1073,1.0381760339342523,Ns3
87,1979,16911,2.8916763341067284,Ns3
87,1903,1174197,2.1527372586373748,Ns3
87,1976,68208,1.9402327169105642,Ns3
87,1983,830,1.258225616921269,Ns3
87,1984,325,1.7604006163328196,Ns3
87,1986,875,1.0,Ns3
87,1989,303,1.0,Ns3
87,1993,491,1.0,Ns3
87,1981,10934,2.7972100232498063,Ns3
87,1988,447,10.272206303724928,Ns3
87,1990,281,4.611902876748482,Ns3
87,1985,37549,1.4585530724629236,Ns3
87,1995,328,1.0115384615384615,Ns3
87,1992,25353,1.8728637796582048,Ns3
87,1996,1114,1.2690816735730517,Ns3
87,1999,74,1.5701914311759344,Ns3
87,1949,273799,6.19855008200991,Ns3
87,1900,2224970,1.3818457461962423,Ns3
87,1824,2764672,1.6762043329906084,Ns3
87,1998,241376,2.302538828278101,Ns3
87,1952,403137,5.614052286622503,Ns3
87,1843,2449472,1.8994976927923173,Ns3
87,1884,2764744,1.4854737869460013,Ns3
87,1987,281625,4.874077888584658,Ns3
87,1873,2433638,2.0272974772798498,Ns3
87,1980,1925976,1.0131561857143034,Ns3
87,1809,1966303,3.7179918406713575,Ns3
87,1837,2339864,2.566207097093218,Ns3
87,1927,1961513,2.179874192542002,Ns3
87,1935,1673187,2.766522253752494,Ns3
87,1780,2900787,3.2449250468137367,Ns3
87,1964,1747234,2.408108106275023,Ns3
87,1802,2125723,3.932555918493625,Ns3
87,1944,2031881,2.4856181965081223,Ns3
87,1997,2175476,1.7482301936682392,Ns3
87,1855,2690153,2.887705130829189,Ns3
87,1885,2715263,2.663372333925599,Ns3
87,1877,2340426,3.2582764126313046,Ns3
87,1878,1671370,4.662802197410704,Ns3
87,1994,2227346,2.0585462116276108,Ns3
87,1895,2113078,3.5288907704954116,Ns3
87,1789,2410434,4.818409899530503,Ns3
87,1926,2593632,2.900463397991559,Ns3
87,1845,2311464,3.923407611991884,Ns3
87,1551,3052124,6.577133202970767,Ns3
87,1864,2221157,4.110235548887217,Ns3
87,1970,2452143,2.7507670940233244,Ns3
87,1982,2726880,2.1699289500552457,Ns3
87,1965,1213134,5.9111171708631,Ns3
87,1941,2444090,3.236113738530097,Ns3
87,1978,2408355,2.633805757759279,Ns3
87,1972,2504207,2.9486155136140644,Ns3
87,1932,2441647,3.672320128690242,Ns3
87,1875,2562169,4.123768888344076,Ns3
87,1933,1891870,4.942161785934597,Ns3
87,1796,3907106,3.484545323345851,Ns3
87,1787,2697491,5.276221311583878,Ns3
87,1881,1711360,6.325752907568471,Ns3
87,1822,2832837,4.737037926825625,Ns3
87,1670,1632964,11.9395777646406,Ns3
87,1956,2408629,4.5787838714321545,Ns3
87,1966,2544536,4.3280099626447655,Ns3
87,1725,2549969,7.171873050264217,Ns3
87,1778,2890598,6.047547928519768,Ns3
87,1911,2858869,5.437316323233587,Ns3
87,1758,2676607,7.699083584312244,Ns3
87,772,17254589,3.236491283241228,Ns3
87,1905,3688023,4.335388401020385,Ns3
87,1962,2814062,5.3894669375095265,Ns3
87,1991,11705558,1.259309616522926,Ns3
87,1828,2462008,7.99207240316583,Ns3
87,824,26709957,2.3026505706769336,Ns3
87,1442,16249910,2.3091935068916665,Ns3
